{
  "timestamp": "2025-05-02T19:57:35.288Z",
  "iterations": 5,
  "results": [
    {
      "name": "Simple ID Lookup",
      "original": {
        "iterations": [
          0.5613749995827675,
          0.9036250002682209,
          0.9603330008685589,
          0.9855829998850822,
          1.9074579998850822
        ],
        "mean": 1.0636748000979424,
        "median": 0.9603330008685589,
        "min": 0.5613749995827675,
        "max": 1.9074579998850822
      },
      "optimized": {
        "iterations": [
          0.990667000412941,
          1.0473329983651638,
          1.0635410025715828,
          1.2966249994933605,
          1.5636250004172325
        ],
        "mean": 1.192358200252056,
        "median": 1.0635410025715828,
        "min": 0.990667000412941,
        "max": 1.5636250004172325
      },
      "improvement": -12.098002147109685
    },
    {
      "name": "Text Search Query",
      "original": {
        "iterations": [
          4.829042002558708,
          5.04466599971056,
          5.058207999914885,
          5.664625000208616,
          8.825790997594595
        ],
        "mean": 5.884466399997473,
        "median": 5.058207999914885,
        "min": 4.829042002558708,
        "max": 8.825790997594595
      },
      "optimized": {
        "iterations": [
          2.752792000770569,
          2.925459001213312,
          3.7089999988675117,
          3.718249998986721,
          3.726875003427267
        ],
        "mean": 3.3664752006530763,
        "median": 3.7089999988675117,
        "min": 2.752792000770569,
        "max": 3.726875003427267
      },
      "improvement": 42.790476284229925
    },
    {
      "name": "Filter by Industry and Country",
      "original": {
        "iterations": [
          19.976957999169827,
          20.821458000689745,
          22.638542000204325,
          36.978124998509884,
          791.5423760004342
        ],
        "mean": 178.3914917998016,
        "median": 22.638542000204325,
        "min": 19.976957999169827,
        "max": 791.5423760004342
      },
      "optimized": {
        "iterations": [
          0.3109159991145134,
          0.4195000007748604,
          0.4885829985141754,
          0.5031659975647926,
          1.5136249996721745
        ],
        "mean": 0.6471579991281032,
        "median": 0.4885829985141754,
        "min": 0.3109159991145134,
        "max": 1.5136249996721745
      },
      "improvement": 99.63722597271939
    },
    {
      "name": "Paginated Results (Page 10)",
      "original": {
        "iterations": [
          13.837792001664639,
          13.879916999489069,
          13.916791997849941,
          14.365708999335766,
          14.705541998147964
        ],
        "mean": 14.141150399297477,
        "median": 13.916791997849941,
        "min": 13.837792001664639,
        "max": 14.705541998147964
      },
      "optimized": {
        "iterations": [
          1.095125000923872,
          1.186250001192093,
          1.3438749983906746,
          1.4649170003831387,
          4.248458996415138
        ],
        "mean": 1.8677251994609834,
        "median": 1.3438749983906746,
        "min": 1.095125000923872,
        "max": 4.248458996415138
      },
      "improvement": 86.7922683323291
    },
    {
      "name": "Complex Filter with Sort",
      "original": {
        "iterations": [
          107.2175000011921,
          117.54366699978709,
          117.93216700106859,
          138.0553759969771,
          192.33624999970198
        ],
        "mean": 134.61699199974538,
        "median": 117.93216700106859,
        "min": 107.2175000011921,
        "max": 192.33624999970198
      },
      "optimized": {
        "iterations": [
          16.94004200026393,
          17.138707999140024,
          17.265166997909546,
          24.994582999497652,
          25.29212500154972
        ],
        "mean": 20.326124999672174,
        "median": 17.265166997909546,
        "min": 16.94004200026393,
        "max": 25.29212500154972
      },
      "improvement": 84.90077315075453
    },
    {
      "name": "Faceted Search",
      "original": {
        "iterations": [
          67.25987499952316,
          67.30762600153685,
          67.89600000157952,
          68.13754200190306,
          69.37795799970627
        ],
        "mean": 67.99580020084977,
        "median": 67.89600000157952,
        "min": 67.25987499952316,
        "max": 69.37795799970627
      },
      "optimized": {
        "iterations": [
          117.8556670024991,
          119.01658299937844,
          119.51466700062156,
          122.3327500000596,
          127.87875000014901
        ],
        "mean": 121.31968340054155,
        "median": 119.51466700062156,
        "min": 117.8556670024991,
        "max": 127.87875000014901
      },
      "improvement": -78.42231879348537
    }
  ]
}